Name_of_Th,UniqueID,Valley,Area,Latitude,Longitude,Ward_Numbe,Ward_Name,Ward_Couns,Ward_offic,Ward_Conta,Facebook,New_Custod,Custodian,Aream3
Alahalli Kere,11,S,5.25,12.8665414480393,77.56545932278939,196,Anjanapura,Sri. K Somashekhar,"#361, Amrut Nagar Main Road, Opp Real Home Apartment, Anjanapura, Bengaluru-560062",9845966999,https://www.facebook.com/SaveAlahalliLake,BDA,BBMP,60667.479214075487107
Doddakallasandra  kere,12,V,5.49,12.8812487806414,77.562603600884,197,Vasanthpura,Smt. Shobha Gowda,"#16/72/2, Chikkalsandra main Road, Subramanyapura Post, Bengaluru-560061",9901229225,,BDA,BBMP,53050.896290872944519
Thalagattapura lake,13,V,4.82,12.8658653594986,77.5298329884879,198,Hemmigepura,Sri. Arya Srinivas,"#14/4, Arya Nilaya, Bettegowda Layout, 1st Cross Road, Judicial Layout, Talagattapura, Kanakapura Main Road, Bengaluru-560109",966 3151515,https://www.facebook.com/SaveHoramavuLakes,,BBMP,48642.234987434814684
Kembathahali kere,14,H,1.45,12.8576488095364,77.57719246702931,196,Anjanapura,Sri. K Somashekhar,"#361, Amrut Nagar Main Road, Opp Real Home Apartment, Anjanapura, Bengaluru-560062",9845966999,https://www.facebook.com/2300818686796792/posts/beauty-with-curse-kembathalli-lake-near-to-our-apartment/2301182996760361/,BDA,BDA,15888.519866160117090
Vajarahalli Govt.Katte,15,K,0.62,12.8678873675903,77.5437850555367,198,Hemmigepura,Sri. Arya Srinivas,"#14/4, Arya Nilaya, Bettegowda Layout, 1st Cross Road, Judicial Layout, Talagattapura, Kanakapura Main Road, Bengaluru-560109",966 3151515,,BBMP,BBMP,6145.330532256863080
Agrahara Lake,29,H,4.98,13.090269786283,77.6254617925279,5,Jakkuru,Sri Munindra Kumar K A,"# 208/1, Punyakoti Dairy Farm, Kogilu Grama, Yelahanka Post, Bengaluru-560064","9845752211, 9900288555",https://www.facebook.com/Agrahara-Lake-Ward-5-822698528123532/,BBMP,,45506.212158676877152
Allasandra Lake,30,H,14.2,13.0922451362671,77.58874988111759,4,Yelahanka?��?�,Sri. Sathish M,"#16, Bangari Nilaya, 3rd B Main Road, GKVK Post, Someshwara Nagara, Yelahanka Upanagara, Bengaluru-560064",98456 37997,YUVA,BBMP,,147367.902811905543786
Amruthahalli Lake,31,H,9.77,13.0617004331411,77.5962289324972,7,Byatarayanapura,Sri. P V Manjunath (Babu),"#217, Behind Govt. Hospital, Amrutahalli, Sahakar Nagara Post, Bengaluru-560092","9448046271, 9663334791",https://www.facebook.com/Amruthahalli-Lake-and-surroundings-Better-Beautiful-and-Citizens-654952864632277/,,,82059.408187648514286
Basavanapura kere,33,K,4.34,13.0096771068278,77.7142569899441,53,Basavanapura,Sri. B N Jayapraksh,"#136/1, Coconut Garden, Seegehalli, Virgonagar Post, Bengaluru-560049","7411816999, 9741980749",,,,38176.715220580575988
Bhattarahalli kere,34,H,3.72,13.0238045252002,77.708797580238,-na-,Outside BBMP limit,-na-,-na-,-na-,,,,32307.417120693629840
Chellakere kere,35,H,7.92,13.026662089841,77.6463965839058,25,Horamavu,Smt. Radhamma Venkatesh,"#67, Vrushabadri Nilaya, Kaverinagar, Vadaraplaya, Bengaluru-560043",9845010989,,,,48252.966905887238681
Chokkanahalli lake,36,H,2.47,13.0841756262969,77.62971208740061,5,Jakkuru,Sri Munindra Kumar K A,"# 208/1, Punyakoti Dairy Farm, Kogilu Grama, Yelahanka Post, Bengaluru-560064","9845752211, 9900288555",,,,21788.681532106831582
Dodda Bommasandra Lake,38,H,38.55,13.0642762051659,77.56564543689259,10,Dodda Bommasandra,Smt. Jayalakshamamma Pillappa,"#32, Eranna Nilaya, 1st Main Raod, Chamundeshwari Layout, Doddabommasandra, Bengaluru-560097",9845168272,FOL,,,375699.765211298130453
Doddanekundi Kunte,39,K,3.83,12.9811069791917,77.7126056510313,85,Dodda Nekkundi,Smt. Shwetha Vijaykumar,"#627, Hoodi Garden Thigalarapalya, Hoodi, Mahadevapura Post, Bengaluru-560048",9845272073,https://www.facebook.com/Doddathogurulakerevival,,,42564.356512008031132
Rajapalya Hoodikere,40,H,10.44,12.9886255167875,77.7216529946658,82,Garudachar Playa,Sri. B N Nithish Purushotham,"#69, Manjunath Charn, Garudacharya Palya, Mahadevpura Post, Bengaluru-560082",9448474087,,,,90608.443006586399861
Horamavu Agara,41,S,15.36,13.0332404945141,77.6596930034564,25,Horamavu,Smt. Radhamma Venkatesh,"#67, Vrushabadri Nilaya, Kaverinagar, Vadaraplaya, Bengaluru-560043",9845010989,,,,147427.958860641228966
Harohalli kere,42,K,22.79,13.1342832213107,77.5791931581073,2,Chowdeswari Ward,Smt R Padmavathi Amarnath,"#3-126, Chowdeshwari layout, Manavarthi Estate, Yelahanka, Bengaluru-560064","96203 35035, 9845288774",,,,227857.853756557829911
Hebbal  kere,43,V,57.68,13.0481334877291,77.5819578954179,8,Kodigehalli,Sri. Chethan K M,"# 2152/16, Shree Manjunath Nilaya, Water tank Road Sahakar Nagara, Bengaluru-560092",9980277774,https://www.facebook.com/pg/savehebbalpenguin/posts/,,,535465.662397083477117
Hoodi kere-2,44,H,3.48,12.9997434256298,77.7158048104303,54,Hudi,Sri Hariprasad A C,"#69, ""Bhagirathi"" Chokkanahalli, Jakkur Post, Yelahanka Hobbli, Bengaluru-560064",9880341517,https://www.facebook.com/groups/1051374118274717/,,,31998.470836525724735
Horamavu kere,45,H,9.94,13.0249120493359,77.6668075332235,25,Horamavu,Smt. Radhamma Venkatesh,"#67, Vrushabadri Nilaya, Kaverinagar, Vadaraplaya, Bengaluru-560043",9845010989,https://www.facebook.com/SaveHoramavuLakes,,,60032.257413436658680
Jakkuru lake,46,K,60.3,13.0917404709923,77.60689203231949,5,Jakkuru,Sri Munindra Kumar K A,"# 208/1, Punyakoti Dairy Farm, Kogilu Grama, Yelahanka Post, Bengaluru-560064","9845752211, 9900288555","https://www.facebook.com/JALAPOSHAN/
 https://www.facebook.com/groups/JAKKURLAKE/",,,530063.232244725339115
Jimkenahalli Kere,47,K,2.8,13.0260727957212,77.6866528395018,54,Hudi,Sri Hariprasad A C,"#69, ""Bhagirathi"" Chokkanahalli, Jakkur Post, Yelahanka Hobbli, Bengaluru-560064",9880341517,,,,24740.579648965634988
Kalkere Kere,49,A,60.29,13.0451600899892,77.6638385421233,25,Horamavu,Smt. Radhamma Venkatesh,"#67, Vrushabadri Nilaya, Kaverinagar, Vadaraplaya, Bengaluru-560043",9845010989,https://www.facebook.com/savekalkerelake/,,,595592.342366081080399
Yelahanka Lake,50,A,92.56,13.1198453523276,77.58801475710639,1,Kempegowda Ward,Smt. Chandramma Kempegowda,"#75, 1st Main Raod, Venkatala Grama, Yelahanka Post, Bengaluru-560064",9980196440,www.facebook.com/YPLBCT,,,1134762.033090696670115
palanahalli,51,H,10.14,13.1176563390782,77.6162441588514,5,Jakkuru,Sri Munindra Kumar K A,"# 208/1, Punyakoti Dairy Farm, Kogilu Grama, Yelahanka Post, Bengaluru-560064","9845752211, 9900288555",,,,82283.170466587878764
Kattigenahalli lake,52,H,7.07,13.1159963310996,77.6270455446311,5,Jakkuru,Sri Munindra Kumar K A,"# 208/1, Punyakoti Dairy Farm, Kogilu Grama, Yelahanka Post, Bengaluru-560064","9845752211, 9900288555",,,,60663.544320128152322
Kogilu kere,53,K,24.11,13.1102622626218,77.6174977264732,5,Jakkuru,Sri Munindra Kumar K A,"# 208/1, Punyakoti Dairy Farm, Kogilu Grama, Yelahanka Post, Bengaluru-560064","9845752211, 9900288555",https://m.facebook.com/LifeinBlr/posts/1890289744603485,,,263650.109034254681319
Kowdenahalli Kere,54,K,8.47,13.0113583200625,77.6852767953342,52,?��?�K R Puram,Smt. K Poornima,"#108, Channakeshava Nilaya, Siddappa Layout, Devasandra, K.R.Pura Bengaluru-560036",9886468169,,,,61470.093198143869813
Gangashetti kere/ Devasandra kere,55,K,5.99,13.0047068067951,77.6945859784467,55,Devasandra,Sri. M N Srikanth (Putta),"#208, 2nd Main road, Whitefield road, B. Narayanpur, Bengaluru-560016",9245033361,,,,49914.242821638821624
J P Park Kere,56,A,35.74,13.0377538339287,77.5515090548639,17,J P Park,Smt. Mamtha K B Vasudev,"#19, 17th A Mainroad, 19th Cross, Bandappa Garden, Muthyalanagar, Bengaluru-560054",9591666900,,,,284496.442880266811699
Nagawara Lake,58,H,32.43,13.0449661335447,77.6022376879329,7,Byatarayanapura,Sri. P V Manjunath (Babu),"#217, Behind Govt. Hospital, Amrutahalli, Sahakar Nagara Post, Bengaluru-560092","9448046271, 9663334791",https://www.facebook.com/savenagavaralake/community/,,,285756.013399607618339
Narasipura Lake-1,59,V,4.01,13.0709281269454,77.5585072539249,9,Vidyaranyapura,Smt. Kusuma H,"#312, Narasipura Layour, Vidyaranyapura Post, Bengaluru-5600097",9341269171,https://www.facebook.com/SaveTheBioDiversityOfNarsipuraLake/,,,40146.145183773012832
Narasipura Lake-2,60,H,1.91,13.0768450668104,77.55408542606899,9,Vidyaranyapura,Smt. Kusuma H,"#312, Narasipura Layour, Vidyaranyapura Post, Bengaluru-5600097",9341269171,FOL,,,19051.421341177076101
Rachenahalli kere,61,H,42.22,13.067400968816,77.6134371265186,6,Thanisandra,Smt. Mamatha K M,"#311, Shbari Nagara, RK Hegde Nagara, Dr. Shivaramakaranta Nagara, Bengaluru-560077",8867753469,"https://www.facebook.com/rachenahallilake/?rf=134463767338722
 https://www.facebook.com/Rachenahalli",,,395623.363605368882418
Kodigehalli lake,62,V,23.19,12.9984223266332,77.7245224697558,54,Hudi,Sri Hariprasad A C,"#69, ""Bhagirathi"" Chokkanahalli, Jakkur Post, Yelahanka Hobbli, Bengaluru-560064",9880341517,https://www.facebook.com/SaveOurSadaramangalaLake/,,,163693.561524004238890
Shegehalli kere,63,V,10.61,13.0157515340984,77.7117921858131,53,Basavanapura,Sri. B N Jayapraksh,"#136/1, Coconut Garden, Seegehalli, Virgonagar Post, Bengaluru-560049","7411816999, 9741980749",https://www.facebook.com/pages/category/Recreation---Sports-Website/Seegehalli-Lake-TankBund-775650065876594/,,,86065.299025247790269
Thirumenahalli lake,65,O,5.48,13.092830691513,77.6271550221966,-na-,Outside BBMP limit,-na-,-na-,-na-,https://www.facebook.com/pages/Thirumenahalli-Lake/111920523572219,,,62242.531373526435345
Krishnarajapuram kere,66,H,14.23,13.0180358024484,77.6969116721715,52,?��?�K R Puram,Smt. K Poornima,"#108, Channakeshava Nilaya, Siddappa Layout, Devasandra, K.R.Pura Bengaluru-560036",9886468169,https://www.facebook.com/pages/category/Community/Save-Lake-KR-Puram-Vengiah-Nalli-477165072857915/,,,158659.597579821944237
Venkateshapura lake,67,H,8.97,13.078262562955,77.6217944715045,5,Jakkuru,Sri Munindra Kumar K A,"# 208/1, Punyakoti Dairy Farm, Kogilu Grama, Yelahanka Post, Bengaluru-560064","9845752211, 9900288555",https://www.facebook.com/pages/category/Pond/Save-the-Venkteshpura-Lake-from-Encroachment-in-Chokkanahalli-291900181497236/,,,78876.467686774674803
Puttenahalli Lake,68,K,12.38,13.1138504999918,77.5789349301035,2,Chowdeswari Ward,Smt R Padmavathi Amarnath,"#3-126, Chowdeshwari layout, Manavarthi Estate, Yelahanka, Bengaluru-560064","96203 35035, 9845288774",https://www.facebook.com/YPLBCT/,,,115958.180569231306436
Bellihalli kere,70,H,4.58,13.1036691342902,77.641715433711,5,Jakkuru,Sri Munindra Kumar K A,"# 208/1, Punyakoti Dairy Farm, Kogilu Grama, Yelahanka Post, Bengaluru-560064","9845752211, 9900288555",,,,57562.759963703807443
Gunduru Lake,71,H,8.18,13.0021816532125,77.7029325102135,,,,,,,,,50326.869965203572065
Vijinapura kere2,75,H,1.56,13.0080415683451,77.6765572188273,55,Devasandra,Sri. M N Srikanth (Putta),"#208, 2nd Main road, Whitefield road, B. Narayanpur, Bengaluru-560016",9245033361,https://www.facebook.com/vijinapura.lake?fref=search&__tn__=%2Cd%2CP-R&eid=ARChRNh9TLqulLpulPPEvqYHq7LPyMdueg45mh29_OJNG1IcsGsuu2kHKi-HF1cuAv1SfYo44dEt7qOW,,,15840.320767787634395
Nagareshvara Nagenahalli Kere,81,K,2.27,13.0752252200498,77.6439995312392,25,Horamavu,Smt. Radhamma Venkatesh,"#67, Vrushabadri Nilaya, Kaverinagar, Vadaraplaya, Bengaluru-560043",9845010989,,,,23232.495486907660961
Atturu kere,82,H,31.15,13.1129979792574,77.55959919295211,3,Atturu,Smt.Nethrapallavi M,"#722, Shashwatha Nilaya, 7th cross A Sector, Yelahanka Upanagara, Bengaluru-560064",9880688949,,,,283984.224717019242235
Rampura Kere,83,H,65.02,13.046831256743,77.6803424432666,26,Ramamurthy Nagar,Smt. M Padmavathi Srinivas,"#246, Bireshwara Nilaya, Baktha Kanakadasa Road, Near Shiva Temple, Kalkere, Bengaluru-560043",9901 329918,,,,641890.675894803483970
Veerasagara kere,85,K,8.98,13.1011308866671,77.55715670096851,3,Atturu,Smt.Nethrapallavi M,"#722, Shashwatha Nilaya, 7th cross A Sector, Yelahanka Upanagara, Bengaluru-560064",9880688949,,,,81109.710430863604415
Avalahali kere,86,V,,13.035897269286,77.72395545908719,-na-,Outside BBMP limit,-na-,-na-,-na-,https://m.facebook.com/profile.php?id=1631466777080780&__tn__=%2As%2As-R,,,1475690.652436212403700
Agara kere,106,K,31.09,12.9234882092441,77.6402054917656,174,HSR Layout,Sri. Gurumurthy Reddy,"#E-62, Agara Village, HSR Layout, Bengaluru-560002",9945890672,"Save Agara Lake, Our Agara Lake",KLCDA,KSTDA,290233.550766706466675
Ambalipura Kelagina kere,107,K,3.12,12.9179689745711,77.6645471804237,150,Bellanduru,Sri. Asha Suresh,"#29, H A L Quarters, Centre Township, Bengaluru-560037",,"https://www.facebook.com/LowerAmbalipuraLake/about/,
 https://www.facebook.com/pages/category/Non-Governmental-Organization--NGO-/Mapsas-688495471330650/",BBMP,BBMP,24691.566056327428669
Melinakere,108,K,3.97,12.9124998239827,77.66227710921279,150,Bellanduru,Sri. Asha Suresh,"#29, H A L Quarters, Centre Township, Bengaluru-560037",,,BBMP,BBMP,37283.084010773338377
Arekere Govt. lake,109,K,7.76,12.8838198959468,77.5990087487818,193,Arakere,Smt. Bhagyalakshmi Murali,"#6, Arakere Village, IIM Post, Bannerugatta Road, Bengaluru-560076",9980668899,https://www.facebook.com/SaveArekereLake/,BDA,BDA,68982.218914297758602
B.Narayanapura kere,110,K,1.19,12.9973332146903,77.6825605733286,56,A Narayanapura,Sri. V Suresh,"#62, Near Mullkatamma Temple, K Narayanpura, Bengaluru-56",9980068194,https://www.facebook.com/pages/B-Narayanpura-Lake/2058362194453993?nr&nr_page_id=1577186779211043,BDA,BDA,11918.040462064556777
B. Channasandra lake,111,K,9.7,12.999914476603,77.66457437651511,50,Benniganahalli,Smt. Meenakshi,"#235/1, Krishna Kutira, 3rd Main Road, 3rd Block, Krishnaiyanapalaya, Bengaluru-38",9900677227,,,EN,88236.671290584839880
Kelaginakere,113,K,3.16,12.8685054709104,77.64475320033461,192,Begur,Sri M Anjinappa,"#14, 3rd Block, 6th Cross, Vishwapriya Nagar Layout, Begur, Bengaluru-560068",9972585844,https://www.facebook.com/Two-lakes-of-Basapura-1318744108141566/?fref=photo,BDA,BBMP,27626.999053500243463
Melinakere,114,K,3.02,12.8699882513865,77.64898120213761,192,Begur,Sri M Anjinappa,"#14, 3rd Block, 6th Cross, Vishwapriya Nagar Layout, Begur, Bengaluru-560068",9972585844,https://www.facebook.com/Two-lakes-of-Basapura-1318744108141566/?fref=photo,,BBMP,22343.231120939279208
Basavanapura Kere,115,H,2.48,12.8441481336515,77.5886477504728,192,Begur,Sri M Anjinappa,"#14, 3rd Block, 6th Cross, Vishwapriya Nagar Layout, Begur, Bengaluru-560068",9972585844,,BDA,BBMP,19304.825047950027511
Begur Lake,116,S,44.9,12.8774941579821,77.63270576894971,-na-,Outside BBMP limit,-na-,-na-,-na-,https://www.facebook.com/Save-Begur-Lake-387417384709385/,BDA,BBMP,462282.637828169157729
Bellandur Amanikere,117,K,314.92,12.927879104046,77.65066463422561,114,Agaram,Smt. Bhavya N,"#12, 2nd Cross, Maheshwaramma Temple Street, Dhoopnahalli, H A L 2nd Stage, Indiranagar, Bengaluru-560038",9845726671,"https://www.facebook.com/SaveBellandurLake/,
 https://www.facebook.com/groups/978408568847592/about ,
 https://www.facebook.com/CleanBellandurLake/",BDA,BBMP,3283665.743134654127061
Sowl kere,118,K,15,12.9157804945952,77.6806717081398,150,Bellanduru,Sri. Asha Suresh,"#29, H A L Quarters, Centre Township, Bengaluru-560037",,https://www.facebook.com/SowlKere/,,BBMP,184402.483892154676141
Bhoganahalli kere,119,K,5.81,12.9218131336417,77.6986043086718,150,Bellanduru,Sri. Asha Suresh,"#29, H A L Quarters, Centre Township, Bengaluru-560037",,,BDA,BBMP,36458.473005748412106
Melinakere,120,K,4.3,12.9789193606215,77.65605060042211,58,New Tippasandara,Smt. Shilpa Abhilasha,"#49/1, Sri Raya Temple Street, New Tippasandra, H.A.L, 3rd Stage, Bengaluru-560075",9481406267,,BDA,BDA,39286.660531445639208
Kelaginakere,121,K,4.5,12.9782733377162,77.6625017889851,58,New Tippasandara,Smt. Shilpa Abhilasha,"#49/1, Sri Raya Temple Street, New Tippasandra, H.A.L, 3rd Stage, Bengaluru-560075",9481406267,,BDA,BBMP,28450.216111894929782
Byrasandra Kere,122,K,5.67,12.9295505905251,77.59486796590041,153,Jayanagar,Smt. Gangambika,"#210/9, 7th main road, Byrasandra, Jayanagar, Bangalore-11","9448063498, 9945584209","https://www.facebook.com/pages/category/Nature-Preserve/Lake-Byrasandra-Jayanagar-938903559651633/
 https://www.facebook.com/Byrasandrarestoration/",BDA,BDA,28694.741624563932419
Swarna Kunte Gudde Lake,123,K,2.6,12.8623280711127,77.60685508391749,192,Begur,Sri M Anjinappa,"#14, 3rd Block, 6th Cross, Vishwapriya Nagar Layout, Begur, Bengaluru-560068",9972585844,,,BBMP,21124.365464235193940
Chikkabegur kere,124,K,11.95,12.8832838643463,77.6341652257717,192,Begur,Sri M Anjinappa,"#14, 3rd Block, 6th Cross, Vishwapriya Nagar Layout, Begur, Bengaluru-560068",9972585844,,BDA,BBMP,97080.327837295830250
Chikkabellanduru kere,125,K,21.67,12.9158691709439,77.7186423405181,149,Varthuru,Smt. Puspha Manjunath B M,"#120, Near Govt School, Ballagere, Vathur Post, Bengaluru-560087",,https://www.facebook.com/savechikkabellandurlake/,BDA,BDA,201587.348215804668143
Chinnappanahalli  kere1,126,K,2.53,12.9671034869521,77.70731629530771,85,Dodda Nekkundi,Smt. Shwetha Vijaykumar,"#627, Hoodi Garden Thigalarapalya, Hoodi, Mahadevapura Post, Bengaluru-560048",9845272073,https://www.facebook.com/chinnalake/,BBMP,BBMP,25336.490649874671362
Chunchanaghatta Kere,127,K,4.79,12.8889421819915,77.57498286871611,195,Konankunte,Smt. S. Shashirekha Jayaram,"#28, Sri. Venkateshwara Nilaya, Muniswamappa Garden, Chunchagatta, Bangalore-62","9980050216, 9900150216",https://www.facebook.com/groups/1736196183325053/,BDA,BBMP,51799.150636738559115
Devarabisanahalli kere,128,K,5.44,12.9234478050028,77.687850480091,150,Bellanduru,Sri. Asha Suresh,"#29, H A L Quarters, Centre Township, Bengaluru-560037",,https://www.facebook.com/groups/DevarabisanahalliLake/,,BBMP,38615.487876923405565
Doddakanneli Gramadakere,129,K,8.38,12.9126825093304,77.6913314349264,150,Bellanduru,Sri. Asha Suresh,"#29, H A L Quarters, Centre Township, Bengaluru-560037",,"https://www.facebook.com/Save-Lakes-of-Sarjapura-335936306927487/
 https://www.facebook.com/groups/VoiceOfSarjapura",,BBMP,75124.832975386409089
Doddanekundi kere,130,K,43.09,12.9788078151869,77.686705748501,85,Dodda Nekkundi,Smt. Shwetha Vijaykumar,"#627, Hoodi Garden Thigalarapalya, Hoodi, Mahadevapura Post, Bengaluru-560048",9845272073,,BDA,BDA,401875.686188759980723
Elenahalli Lake,131,K,1.33,12.8659539957806,77.614214289641,192,Begur,Sri M Anjinappa,"#14, 3rd Block, 6th Cross, Vishwapriya Nagar Layout, Begur, Bengaluru-560068",9972585844,,BDA,BBMP,11830.043797413818538
Achanakere,132,K,1.21,12.9909729928863,77.69569650450831,82,Garudachar Playa,Sri. B N Nithish Purushotham,"#69, Manjunath Charn, Garudacharya Palya, Mahadevpura Post, Bengaluru-560082",9448474087,,BDA,BBMP,11578.092381434616982
"Yekkalagatta kere,Mahadevepura Kere",133,K,1.69,12.9859340594603,77.6975654402013,82,Garudachar Playa,Sri. B N Nithish Purushotham,"#69, Manjunath Charn, Garudacharya Palya, Mahadevpura Post, Bengaluru-560082",9448474087,,BDA,BBMP,15766.742221854103263
Gottigere Kere,134,K,9.93,12.8528840105791,77.59142753502719,194,Gottigere,Smt. Lalitha T Narayan,"#23, 1st Main Road, 1st Cross, Wilson Garden Housing Society, JP Nagara 7th Stage, Bengaluru-560078",9448 389737,https://www.facebook.com/SaveGottigereLake/,BDA,BBMP,105158.379990441841073
singasandra,135,V,2.79,12.8832036506595,77.64557154723251,191,Singasandra,Smt. V Shantha,"#671/2, Central Jail Road Left Side, 4th Cross, Channakeshava Nagara, Bengaluru-5600100",9008877422,,,BBMP,20590.819420286279637
Carmelarm,136,A,0.74,12.9177100768834,77.71035372780879,149,Varthuru,Smt. Puspha Manjunath B M,"#120, Near Govt School, Ballagere, Vathur Post, Bengaluru-560087",,,BDA,BDA,8340.047396210255101
Gunjuruplaya kere,137,K,14.27,12.9191165503396,77.7239224766369,149,Varthuru,Smt. Puspha Manjunath B M,"#120, Near Govt School, Ballagere, Vathur Post, Bengaluru-560087",,,BDA,BBMP,140352.332848048245069
Lakedew Appartment lake,138,K,9.18,12.8986567858856,77.66239161450549,150,Bellanduru,Sri. Asha Suresh,"#29, H A L Quarters, Centre Township, Bengaluru-560037",,https://www.facebook.com/HaralurLake/,BBMP,BBMP,86311.138555364217609
Hulimavu Kere,140,O,41.17,12.8662871774505,77.6032305354402,193,Arakere,Smt. Bhagyalakshmi Murali,"#6, Arakere Village, IIM Post, Bannerugatta Road, Bengaluru-560076",9980668899,https://www.facebook.com/Hulimavukere/,BDA,BBMP,391425.717096438165754
Ibbalur Govt. Lake,141,H,5.79,12.9228884374539,77.6657159385891,174,HSR Layout,Sri. Gurumurthy Reddy,"#E-62, Agara Village, HSR Layout, Bengaluru-560002",9945890672,https://www.facebook.com/IblurEnvirons/,BDA,BBMP,22872.380311223969329
sarraki kere,142,V,25.86,12.9016949253242,77.58095404658241,186,Jaraganahalli,Smt. B M Shobha Muniram,"#61-1, Yelachenahalli, Kanakapura Main Road, Benagaluru-560078",9980830379,https://www.facebook.com/SarakkiLakeAreaImprovementTrustRegdslait/,BDA,BBMP,229964.265906690357951
Kaikondanahalli kere,145,O,13.97,12.9124519241906,77.6706997413629,150,Bellanduru,Sri. Asha Suresh,"#29, H A L Quarters, Centre Township, Bengaluru-560037",,"https://www.facebook.com/KaikondrahalliLake/
 https://www.facebook.com/pages/category/Community/Save-Sarjapur-Lake-Kaikondrahalli-Lake-495657817305310/",BBMP,BBMP,162167.093424996361136
Kalena Agrahara Govt. Lake,146,A,1.28,12.8658717417436,77.5892812800397,192,Begur,Sri M Anjinappa,"#14, 3rd Block, 6th Cross, Vishwapriya Nagar Layout, Begur, Bengaluru-560068",9972585844,,BDA,BBMP,14622.983543566515436
meenakshi lake,147,K,1.23,12.8540689325973,77.6035713448329,-na-,Outside BBMP limit,-na-,-na-,-na-,,BDA,BDA,53937.854436079040170
Kasavanahalli kere,148,A,11.5,12.9062313831029,77.6664695196085,150,Bellanduru,Sri. Asha Suresh,"#29, H A L Quarters, Centre Township, Bengaluru-560037",Information not available,facebook.com/kasavanahalli.kere/,BBMP,BBMP,127692.375467830803245
Kodagi Singasandra kere,149,H,2.67,12.8797311558682,77.64197265397971,191,Singasandra,Smt. V Shantha,"#671/2, Central Jail Road Left Side, 4th Cross, Channakeshava Nagara, Bengaluru-5600100",9008877422,,,BBMP,29420.479340393852908
doddakodlu,150,K,12.85,12.886220564366,77.6661246729724,191,Singasandra,Smt. V Shantha,"#671/2, Central Jail Road Left Side, 4th Cross, Channakeshava Nagara, Bengaluru-5600100",9008877422,https://www.facebook.com/pages/Doddakudlu-Lake/283924985350049,BBMP,BBMP,138604.176428435370326
Konanakunte  kere,151,V,2.88,12.8924608123687,77.5686418016639,197,Vasanthpura,Smt. Shobha Gowda,"#16/72/2, Chikkalsandra main Road, Subramanyapura Post, Bengaluru-560061",9901229225,,BDA,BBMP,26544.736662003910169
Kothanaru Kere,152,H,6.14,12.873519413551,77.5802063677276,194,Gottigere,Smt. Lalitha T Narayan,"#23, 1st Main Road, 1st Cross, Wilson Garden Housing Society, JP Nagara 7th Stage, Bengaluru-560078",9448 389737,,176 - Bangalore South,BBMP,47802.019920965773053
Kundalahalli kere,153,S,11.67,12.971837799076,77.72033110385981,85,Dodda Nekkundi,Smt. Shwetha Vijaykumar,"#627, Hoodi Garden Thigalarapalya, Hoodi, Mahadevapura Post, Bengaluru-560048",9845272073,,BBMP,BBMP,71258.492122320167255
Somasundrapalya lake,154,O,2.42,12.8992195681428,77.647410618327,190,Mangammanapalya,Smt. Shobha Jagadish Gowda,"#660, Krishnappa Layout, Ramanna Layout, Mangammana Palya, Bengaluru-560068",9448 388585,https://www.facebook.com/OurSomasundaraPalayaLake/,,BBMP,28662.723396826098906
Lalbagh kere,155,H,13.28,12.9450578393797,77.5815219847581,143,Vishveshwara Puram,Smt. Vani V Rao,"#15/38, Devaki Nandana Nilaya, Venkatappa Street, Chikka Mavali, Bengaluru-56004","9886456012, 080-26571147",,,HD,139020.807131830486469
Madivala Kere,156,A,87.67,12.913158309146,77.61625380638461,188,Bilekhalli,Sri K Narayan Raju,"#164/4, 4th Stage, JP Nagara, Doresani Palya, Near Kalyani Megnam Teck Park, Bengaluru-560078","9591080004, 080-266 340 31","https://www.facebook.com/MadiwalaLake/
 https://www.facebook.com/SAVE-NAMMA-Madiwala-LAKE-2305854016114238/?ref=py_c",KFD,KFD,897486.257773642893881
Mahadevapura kere,157,H,8.47,12.9885892347749,77.6915312066244,81,Vijnana Nagar,Sri. S G Nagaraj,"#16, Kalpavruksha Nilaya, 1st Main Road, P W D Main Road, Akash Nagar, Nandini Layout , Bengaluru-560016",9980808007,https://www.facebook.com/pages/category/Community-Organization/Save-Mahadevapura-Lake-116494608941044/,BBMP,BBMP,76628.402567577431910
Acchanakere,159,K,5.7,12.9613786292215,77.70718662583771,85,Dodda Nekkundi,Smt. Shwetha Vijaykumar,"#627, Hoodi Garden Thigalarapalya, Hoodi, Mahadevapura Post, Bengaluru-560048",9845272073,https://www.facebook.com/munnekolala.in/?ref=page_internal,BBMP,BBMP,47339.319031911443744
Karabu Kere/Konappana agrahara lake,160,H,1.48,12.8784799267055,77.6690904501272,191,Singasandra,Smt. V Shantha,"#671/2, Central Jail Road Left Side, 4th Cross, Channakeshava Nagara, Bengaluru-5600100",9008877422,,,BBMP,13189.719952982441100
Nallurahallikere,161,H,12.88,12.9739434924875,77.73816955180619,84,?�?????��?�Hagadur,Sri. S Uday Kumar,"#16, Munekolalu Post, Marathahalli, Bengaluru-560037",8105292233,https://www.facebook.com/SaveNallurhalliLakeMovement/,BDA,BBMP,97746.279492300134734
Akashaya nagar Kere,162,H,2.94,12.8724410829254,77.6133229315937,193,Arakere,Smt. Bhagyalakshmi Murali,"#6, Arakere Village, IIM Post, Bannerugatta Road, Bengaluru-560076",9980668899,https://www.facebook.com/Akshayanagara,BDA,BBMP,12671.064125815646548
Govt. Dinnekere,163,K,0.39,12.9327043739482,77.7172761109,149,Varthuru,Smt. Puspha Manjunath B M,"#120, Near Govt School, Ballagere, Vathur Post, Bengaluru-560087",,,BDA,BDA,3942.743853537132964
Panattur Govt.kere,164,K,5.97,12.9325531189149,77.707193075524,149,Varthuru,Smt. Puspha Manjunath B M,"#120, Near Govt School, Ballagere, Vathur Post, Bengaluru-560087",,,BDA,BBMP,46395.795395645538520
Parapana Agahara Lake,165,H,5.76,12.8775111273898,77.6612662960106,191,Singasandra,Smt. V Shantha,"#671/2, Central Jail Road Left Side, 4th Cross, Channakeshava Nagara, Bengaluru-5600100",9008877422,,BBMP,BBMP,53601.461156669305637
Pattaduru Agrahara kere-2,167,K,4.95,12.9810686027277,77.7389264144318,82,Garudachar Playa,Sri. B N Nithish Purushotham,"#69, Manjunath Charn, Garudacharya Palya, Mahadevpura Post, Bengaluru-560082",9448474087,https://www.facebook.com/SavePattandurAgraharaLake/,BDA,BDA,36509.998611283299397
Puttenahalli Kere,168,V,3.93,12.8913141491109,77.5880000542232,187,Puttenahalli,Smt. R Prabhavati Ramesh,"#36, 17th 'D' Cross Road, 13th Main Road, JP Nagara 5th Stage, Bengaluru-560078",9880126643,https://www.facebook.com/PNLIT/,KFD,BBMP,32543.488590615335852
Thubarahalli lake,169,H,9.88,12.959117786016,77.7244051729644,84,?�?????��?�Hagadur,Sri. S Uday Kumar,"#16, Munekolalu Post, Marathahalli, Bengaluru-560037",8105292233,https://www.facebook.com/pages/Siddapura-Lake/375416326219614,BDA,BBMP,72751.686500239185989
RBI layout kere,170,H,1.3,12.8640299204375,77.5844172672771,194,Gottigere,Smt. Lalitha T Narayan,"#23, 1st Main Road, 1st Cross, Wilson Garden Housing Society, JP Nagara 7th Stage, Bengaluru-560078",9448 389737,,BDA,BDA,11492.802767426765058
Tavarekere lake,171,K,4.69,12.9297249705138,77.6019177064745,152,Suddagunte Palya,Sri. G. Manjunath,"#546, 1st main road, 1st cross, 8th Block, Koramangala, Bangalore-34",9845174796,,,EN,46856.068888959474862
Ulsoor Lake,172,V,36.82,12.9786563762569,77.6202468411846,90,Halsoor,Smt. Mamatha Saravana,"#19, 1st Street, Halsoor, Bengaluru-560008",9844059238/9448459238,"https://www.facebook.com/Ulsoor-Lake-Bengaluru-256872594397906
 https://www.facebook.com/pages/category/Community/Save-Ulsoor-Lake-108271669203575/",BBMP,BBMP,395761.792858798755333
Vibhutipura kere,173,H,13.34,12.9675216116122,77.6780259418245,81,Vijnana Nagar,Sri. S G Nagaraj,"#16, Kalpavruksha Nilaya, 1st Main Road, P W D Main Road, Akash Nagar, Nandini Layout , Bengaluru-560016",9980808007,https://www.facebook.com/VibhutipuraLakeRestoration/,BDA,BBMP,125615.759337888564914
Varthur lake,174,O,143.07,12.9435326271231,77.7281370318446,87,HAL Airport,Sri. N Manjunath,"#37, Vibuthi Pura, Marathahalli Post, Bengaluru-560037",9845977750,https://www.facebook.com/groups/160406624299399,BDA,BDA,1644346.534424306359142
Sheelavantana kere,175,K,3.47,12.9655407177534,77.7427374313789,84,?�?????��?�Hagadur,Sri. S Uday Kumar,"#16, Munekolalu Post, Marathahalli, Bengaluru-560037",8105292233,https://www.facebook.com/pages/Sheelavanthana-Kere/1562075264097370,BBMP,BBMP,45220.801905145213823
Mangamanapalya Kere,176,H,2.01,12.9014115024787,77.6391520552979,53,Basavanapura,Sri. B N Jayapraksh,"#136/1, Coconut Garden, Seegehalli, Virgonagar Post, Bengaluru-560049","7411816999, 9741980749",,,BBMP,18614.618469023786020
Kudlu Chikere,178,V,3.02,12.8924115249192,77.655579203215,191,Singasandra,Smt. V Shantha,"#671/2, Central Jail Road Left Side, 4th Cross, Channakeshava Nagara, Bengaluru-5600100",9008877422,,BBMP,BBMP,30153.111711404751986
Byappanahalli kere,179,K,7.87,12.9925741794007,77.6192402775618,50,Benniganahalli,Smt. Meenakshi,"#235/1, Krishna Kutira, 3rd Main Road, 3rd Block, Krishnaiyanapalaya, Bengaluru-38",9900677227,,BDA,BDA,78695.371904415078461
Infrastructure Corridor,184,K,3.79,12.8585304274427,77.6171920136228,192,Begur,Sri M Anjinappa,"#14, 3rd Block, 6th Cross, Vishwapriya Nagar Layout, Begur, Bengaluru-560068",9972585844,,BDA,BDA,37732.956882329832297
Chellaghatta kere,186,K,45.9 (GLOF LINKS),12.9535001685802,77.6444243465138,113,Konena Agrahara,Sri. M. Chandrappa Reddy,"#125/1, Konena Agrahara, H.A.L, Bangalore-17",9845273901,,,,456940.379052974923979
Mestripalya lake,188,A,5.14,12.9314014910868,77.6257690234289,151,Koramangala,Sri. M Chandrappa,"#88/1, Near Hanuman Temple, Kormangala, Bengaluru-560095","9845059499, 9900797998",,BDA,BDA,24958.579061233671382
Gramadakere,197,K,20.83,12.9179920769039,77.7382182888646,149,Varthuru,Smt. Puspha Manjunath B M,"#120, Near Govt School, Ballagere, Vathur Post, Bengaluru-560087",,,BDA,BBMP,208263.727620639838278
Abbigere Kere,270,H,13.98,13.0812694986597,77.5293887713373,12,Shettihalli,Sri. Nagabhushan K,"#2, Sri Venkateshwara Nilaya, Abhigere Layout, Abhigere, Chikkabanavara Post, Bengaluru-560090",9845019093,,BDA,BBMP,130356.031385260634124
Andhrahalli Lake,271,V,5.14,13.0115571567066,77.4871510572578,40,Dodda Bidarakallu,Sri. Vasudeva S,"#45, Near Hanuman Temple, Andrahalli Bengaluru-560091",9916829382,,BBMP,BBMP,39750.804359120782465
Bagalagunte Govt.Lake,272,V,4.5,13.0594844945234,77.4984375217764,14,Bagalakunte,Sri. K Narasimha Nayak,"#554, LIG 1st Phase, 9th B Cross, 'B' Sector, Yelahanka Upanagar, Bengaluru-560064",9535097405,,,ZP,29827.085665780818090
Beratena Agrahara Lake,273,K,4.53,12.8665652891188,77.65980977029081,192,Begur,Sri M Anjinappa,"#14, 3rd Block, 6th Cross, Vishwapriya Nagar Layout, Begur, Bengaluru-560068",9972585844,,BDA,BBMP,32784.200169672607444
Dasarahalli kere,274,V,8.09,13.0415749995648,77.5130027732061,39,Chokkasandra,Smt. Sarvamangala,"#289, Narayanamma Building, Chokkasandra, T Dasarahalli, Bengaluru-560057",9980106222,,BBMP,BBMP,46218.939182291425823
Doddabidarakallu lake,275,V,13.46,13.0434709258213,77.4933558504687,39,Chokkasandra,Smt. Sarvamangala,"#289, Narayanamma Building, Chokkasandra, T Dasarahalli, Bengaluru-560057",9980106222,,BDA,BBMP,118987.904278787667863
Herohalli Lake,276,H,11.18,12.9872251416965,77.48920223013459,72,Herohalli,Sri. Rajanna,"#18, Magadi Main Road, Hosahalli Gollarapalya, Vishwanidam Post, Bengaluru-560091",9741335250,,BBMP,BBMP,93951.954621038923506
Kammagondanahalli lake,278,V,13.23,13.0672579272533,77.52223743558029,12,Shettihalli,Sri. Nagabhushan K,"#2, Sri Venkateshwara Nilaya, Abhigere Layout, Abhigere, Chikkabanavara Post, Bengaluru-560090",9845019093,,BBMP,BBMP,70890.483633002266288
Handrahalli kere,279,V,1.49,13.002986300585,77.4828210143813,40,Dodda Bidarakallu,Sri. Vasudeva S,"#45, Near Hanuman Temple, Andrahalli Bengaluru-560091",9916829382,,BBMP,BBMP,14691.566960059108169
Mallasandra Gudde lake,280,H,2.88,13.0581597351832,77.51734556505571,13,Mallasandra,Sri. Lokesh N,"Sri Ammaji Residency, 8th Cross, Kalyan Nagar, T Dasarahalli, Bengaluru-560057",9611921030,,BDA,BDA,16443.593231135513633
Mallasandra Lake-2,281,A,1.38,13.0567687051912,77.51913049670721,12,Shettihalli,Sri. Nagabhushan K,"#2, Sri Venkateshwara Nilaya, Abhigere Layout, Abhigere, Chikkabanavara Post, Bengaluru-560090",9845019093,,,BDA,13964.535453759715892
Narasappanahalli kere,282,O,19.16,13.0217806350982,77.49383287613119,41,Peenya Industrial Area,Smt. Lalitha Thimananjaiah K.L.R,"#9, Laggere Main Road, Parvathi Nagar, Bengaluru-560058",9900118099,,BDA,BBMP,172902.074463690107223
Valagere,283,K,7.32,13.022913027405,77.5081908417434,41,Peenya Industrial Area,Smt. Lalitha Thimananjaiah K.L.R,"#9, Laggere Main Road, Parvathi Nagar, Bengaluru-560058",9900118099,,,BDA,60960.375197439949261
Shivapura New tank,284,A,1.84,13.0272817176311,77.5044515317549,41,Peenya Industrial Area,Smt. Lalitha Thimananjaiah K.L.R,"#9, Laggere Main Road, Parvathi Nagar, Bengaluru-560058",9900118099,,BDA,BDA,17666.723800770938396
Dodda bettahalli,285,H,1.7,13.0912980003191,77.5551969953011,3,Atturu,Smt.Nethrapallavi M,"#722, Shashwatha Nilaya, 7th cross A Sector, Yelahanka Upanagara, Bengaluru-560064",9880688949,,BDA,BDA,28888.726686112815514
Singapura lake,290,H,11.12,13.0833427019196,77.53313331967949,11,Kuvempu Nagar,Smt. V V Prathibha Rajan,"#92, 2nd Main, 5th Cross, Varadaraja Nagar, Bengaluru-560097","9880609525, 88925 31369",,BDA,BBMP,90908.250317992409691
Doddebele,359,,,12.8913058420626,77.4844409049888,,,,,,,,,106828.326648289803416
Somapura,360,,,12.8811951835667,77.49167776530859,,,,,,,,,47819.084972094744444
Mailasandra,361,,,12.9157977372906,77.4878727419933,,,,,,,,,85127.588838644311181
Kengeri 1,362,,,12.9082779767273,77.4920208959837,,,,,,,,,39980.120316362939775
Kengeri 2,363,,,12.905898339177,77.4970156820512,,,,,,,,,45807.305870880605653
Chenvinayanahalli,366,,,12.8757843760473,77.48309209646111,,,,,,,,,60280.822465413613827
Annamma kere,597,,,12.9000543726191,77.565171669729,,,,,,,,,17578.989673773176037
Deevatigeramnahalli kere,598,,,12.9486660700454,77.5313954844359,,,,,,,,,14125.095192568740458
Devarakere,599,,,12.8975319781903,77.5548705634092,,,,,,,,,15203.245358858723193
Doraikere,600,,,12.9038252777187,77.5492753808882,,,,,,,,,96790.841779695576406
Goudanakere,601,,,12.9075005257854,77.5551310327386,,,,,,,,,16080.531090848613530
Gubbalal kere,603,,,12.8807876145028,77.5401199924115,,,,,,,,,21556.140657276642742
Halagevaderahalli kere-2,605,,,12.9255415285371,77.5147718581461,,,,,,,,,23526.475525015030144
Herohalli Thotadakere,606,,,12.982487793447,77.49194645809381,,,,,,,,,9933.832942792214453
Hosakerehalli Kere,607,,,12.9277712823089,77.5318006553449,,,,,,,,,222486.475881728343666
Kempambudhi lake,611,,,12.9503370303707,77.55845391602899,,,,,,,,,77442.559735898626968
Laggeri Lake,614,,,13.0097414618539,77.51437515136671,,,,,,,,,12991.057385341846384
Mallathahalli Lake,616,,,12.9674833135156,77.49567124619701,,,,,,,,,212391.323513152659871
Moge kere,617,,,12.908025641558,77.5402135565508,,,,,,,,,40314.482098064385355
Muppatu Kavalu Hosa Kere,618,,,12.9264935460499,77.4798470715172,,,,,,,,,53459.656848017475568
Nayandanahalli kere,621,,,12.9398879989534,77.5222840978152,,,,,,,,,39406.259189859149046
Sankey Tank,622,,,13.0116648945617,77.57435438198,,,,,,,,,137548.272796016419306
Subramhanyapura kere,623,,,12.8946484968231,77.5425780580196,,,,,,,,,42061.037300006544683
Ullalu lake-2,624,,,12.9599823654482,77.48079150887411,,,,,,,,,97503.091452356398804
Valagerehalli kere,625,,,12.9322589583828,77.4951897941061,,,,,,,,,41761.387046001851559
Yediyur kere,626,,,12.9342068913904,77.5756000427416,,,,,,,,,39826.227529684198089
Bhimmanakuppe Govt lake,627,,,12.9146884522358,77.52858238732721,,,,,,,,,3374.648745680095089
Srigandhakavalu Karabu Katte,628,,,12.9843879663249,77.5002392312303,,,,,,,,,9110.791401738617424
Janaradhan kere,633,,,12.8915316015203,77.5565944714434,,,,,,,,,18747.379669574555010
Konashetty kere,637,,,12.8713408919793,77.51362630991839,,,,,,,,,41076.711272058622853
Nagarabhavi (Un-named Lake on map),642,,,12.9643652077328,77.50849303116691,,,,,,,,,14485.946978057385422
Sompura Govt.lake,645,,,12.8752946774489,77.497405734805,,,,,,,,,64321.463195430114865
Lakshmipura Lake,1231,,,13.0851817943245,77.537799284111,,,,,,,,,34375.464376108138822
Amrutnagar Lake,1414,,,12.8488980097885,77.5588381385132,,,,,,,,,35677.119682729477063
Hoysalanagara Lake,1474,,,12.986804404342,77.6376135920413,,,,,,,,,13545.736493290634826
Basavanagar Lake,1486,,,12.9848798637511,77.7136607559858,,,,,,,,,22668.735990222252440
Kannuru kere,69,H,,13.0978963367146,77.6524013856443,-na-,Outside BBMP limit,-na-,-na-,-na-,https://www.facebook.com/kannamangalalake.forcegw.community?fref=search&__tn__=%2Cd%2CP-R&eid=ARB6uEReskDoAFaI4chbyTfdCGp3UpTvTKYYw2ShHsE-WVgOGZHyH5xWam0_Om0el27j6bwYtmBjShpv,,,
Kannuru kere,69,H,,13.0978963367146,77.6524013856443,-na-,Outside BBMP limit,-na-,-na-,-na-,https://www.facebook.com/kannamangalalake.forcegw.community?fref=search&__tn__=%2Cd%2CP-R&eid=ARB6uEReskDoAFaI4chbyTfdCGp3UpTvTKYYw2ShHsE-WVgOGZHyH5xWam0_Om0el27j6bwYtmBjShpv,,,206759.095999999990454
Ajjegowdana katte,643,,,12.9835384534816,77.4666591009557,,,,,,,,,
Chikkabanavara kere,295,H,35.44,13.078643653802,77.5089383969088,12,Shettihalli,Sri. Nagabhushan K,"#2, Sri Venkateshwara Nilaya, Abhigere Layout, Abhigere, Chikkabanavara Post, Bengaluru-560090",9845019093,https://www.facebook.com/chikkabanavara.savelake.5,BDA,BDA,
Doddagubbi kere,88,H,,13.0761290857594,77.66981155535611,-na-,Outside BBMP limit,-na-,-na-,-na-,,,,
Kodigehalli kere,613,,,12.9763168643915,77.4672204412292,,,,,,,,,
Kommaghatta Govt. Lake,653,,,12.9297401899999,77.4654616009973,,,,,,,,,
Manganahalli Lake,1500,,,12.9476348332022,77.46105757916121,,,,,,,,,
Mylasandra Dodda Agrahara kere,198,K,7.86,12.8587690647688,77.6227776740682,192,Begur,Sri M Anjinappa,"#14, 3rd Block, 6th Cross, Vishwapriya Nagar Layout, Begur, Bengaluru-560068",9972585844,https://www.facebook.com/Save-Mylasandra-Lake-878155022521698/,,,
Suggata kere,80,V,,13.144810675831,77.605796305467,-na-,Outside BBMP limit,-na-,-na-,-na-,,,,13033.559249359939713
